Gene,MPP cleavage site,Probability of presequence,Prediction,Secondary cleavage,Net charge,Positions for TOM20 recognition motif (deliminated by comma),Position of amphypathic alpha-helix,Protein,mRNA
PINK1,69,0.996,Possessing mitochondrial presequence, 77(Oct1),0.159,"13-17,86-90,96-100",3-12-high,MAVRQALGRGLQLGRALLLRFTGKPGRAYGLGRPGPAAGCVRGERPGWAAGPGAEPRRVGLGLPNRLRFFRQSVAGLAARLQRQFVVRAWGCAGPCGRAVFLAFGLGLGLIEEKQAESRRAVSACQEIQAIFTQKSKPGPDPLDTRRLQGFRLEEYLIGQSIGKGCSAAVYEATMPTLPQNLEVTKSTGLLPGRGPGTSAPGEGQERAPGAPAFPLAIKMMWNISAGSSSEAILNTMSQELVPASRVALAGEYGAVTYRKSKRGPKQLAPHPNIIRVLRAFTSSVPLLPGALVDYPDVLPSRLHPEGLGHGRTLFLVMKNYPCTLRQYLCVNTPSPRLAAMMLLQLLEGVDHLVQQGIAHRDLKSDNILVELDPDGCPWLVIADFGCCLADESIGLQLPFSSWYVDRGGNGCLMAPEVSTARPGPRAVIDYSKADAWAVGAIAYEIFGLVNPFYGQGKAHLESRSYQEAQLPALPESVPPDVRQLVRALLQREASKRPSARVAANVLHLSLWGEHILALKNLKLDKMVGWLLQQSAATLLANRLTEKCCVETKMKMLFLANLECETLCQAALLLCSWRAAL,ATGGCGGTGCGACAGGCGCTGGGCCGCGGCCTGCAGCTGGGTCGAGCGCTGCTGCTGCGCTTCACGGGCAAGCCCGGCCGGGCCTACGGCTTGGGGCGGCCGGGCCCGGCGGCGGGCTGTGTCCGCGGGGAGCGTCCAGGCTGGGCCGCAGGACCGGGCGCGGAGCCTCGCAGGGTCGGGCTCGGGCTCCCTAACCGTCTCCGCTTCTTCCGCCAGTCGGTGGCCGGGCTGGCGGCGCGGTTGCAGCGGCAGTTCGTGGTGCGGGCCTGGGGCTGCGCGGGCCCTTGCGGCCGGGCAGTCTTTCTGGCCTTCGGGCTAGGGCTGGGCCTCATCGAGGAAAAACAGGCGGAGAGCCGGCGGGCGGTCTCGGCCTGTCAGGAGATCCAGGCAATTTTTACCCAGAAAAGCAAGCCGGGGCCTGACCCGTTGGACACGAGACGCTTGCAGGGCTTTCGGCTGGAGGAGTATCTGATAGGGCAGTCCATTGGTAAGGGCTGCAGTGCTGCTGTGTATGAAGCCACCATGCCTACATTGCCCCAGAACCTGGAGGTGACAAAGAGCACCGGGTTGCTTCCAGGGAGAGGCCCAGGTACCAGTGCACCAGGAGAAGGGCAGGAGCGAGCTCCGGGGGCCCCTGCCTTCCCCTTGGCCATCAAGATGATGTGGAACATCTCGGCAGGTTCCTCCAGCGAAGCCATCTTGAACACAATGAGCCAGGAGCTGGTCCCAGCGAGCCGAGTGGCCTTGGCTGGGGAGTATGGAGCAGTCACTTACAGAAAATCCAAGAGAGGTCCCAAGCAACTAGCCCCTCACCCCAACATCATCCGGGTTCTCCGCGCCTTCACCTCTTCCGTGCCGCTGCTGCCAGGGGCCCTGGTCGACTACCCTGATGTGCTGCCCTCACGCCTCCACCCTGAAGGCCTGGGCCATGGCCGGACGCTGTTCCTCGTTATGAAGAACTATCCCTGTACCCTGCGCCAGTACCTTTGTGTGAACACACCCAGCCCCCGCCTCGCCGCCATGATGCTGCTGCAGCTGCTGGAAGGCGTGGACCATCTGGTTCAACAGGGCATCGCGCACAGAGACCTGAAATCCGACAACATCCTTGTGGAGCTGGACCCAGACGGCTGCCCCTGGCTGGTGATCGCAGATTTTGGCTGCTGCCTGGCTGATGAGAGCATCGGCCTGCAGTTGCCCTTCAGCAGCTGGTACGTGGATCGGGGCGGAAACGGCTGTCTGATGGCCCCAGAGGTGTCCACGGCCCGTCCTGGCCCCAGGGCAGTGATTGACTACAGCAAGGCTGATGCCTGGGCAGTGGGAGCCATCGCCTATGAAATCTTCGGGCTTGTCAATCCCTTCTACGGCCAGGGCAAGGCCCACCTTGAAAGCCGCAGCTACCAAGAGGCTCAGCTACCTGCACTGCCCGAGTCAGTGCCTCCAGACGTGAGACAGTTGGTGAGGGCACTGCTCCAGCGAGAGGCCAGCAAGAGACCATCTGCCCGAGTAGCCGCAAATGTGCTTCATCTAAGCCTCTGGGGTGAACATATTCTAGCCCTGAAGAATCTGAAGTTAGACAAGATGGTTGGCTGGCTCCTCCAACAATCGGCCGCCACTTTGTTGGCCAACAGGCTCACAGAGAAGTGTTGTGTGGAAACAAAAATGAAGATGCTCTTTCTGGCTAACCTGGAGTGTGAAACGCTCTGCCAGGCAGCCCTCCTCCTCTGCTCATGGAGGGCAGCCCTGTGA
FXN,41,0.996,Possessing mitochondrial presequence,,0.122,,,MWTLGRRAVAGLLASPSPAQAQTLTRVPRPAELAPLCGRRGLRTDIDATCTPRRASSNQRGLNQIWNVKKQSVYLMNLRKSGTLGHPGSLDETTYERLAEETLDSLAEFFEDLADKPYTFEDYDVSFGSGVLTVKLGGDLGTYVINKQTPNKQIWLSSPSSGPKRYDWTGKNWVYSHDGVSLHELLAAELTKALKTKLDLSSLAYSGKDA,ATGTGGACTCTCGGGCGCCGCGCAGTAGCCGGCCTCCTGGCGTCACCCAGCCCAGCCCAGGCCCAGACCCTCACCCGGGTCCCGCGGCCGGCAGAGTTGGCCCCACTCTGCGGCCGCCGTGGCCTGCGCACCGACATCGATGCGACCTGCACGCCCCGCCGCGCAAGTTCGAACCAACGTGGCCTCAACCAGATTTGGAATGTCAAAAAGCAGAGTGTCTATTTGATGAATTTGAGGAAATCTGGAACTTTGGGCCACCCAGGCTCTCTAGATGAGACCACCTATGAAAGACTAGCAGAGGAAACGCTGGACTCTTTAGCAGAGTTTTTTGAAGACCTTGCAGACAAGCCATACACGTTTGAGGACTATGATGTCTCCTTTGGGAGTGGTGTCTTAACTGTCAAACTGGGTGGAGATCTAGGAACCTATGTGATCAACAAGCAGACGCCAAACAAGCAAATCTGGCTATCTTCTCCATCCAGTGGACCTAAGCGTTATGACTGGACTGGGAAAAACTGGGTGTACTCCCACGACGGCGTGTCCCTCCATGAGCTGCTGGCCGCAGAGCTCACTAAAGCCTTAAAAACCAAACTGGACTTGTCTTCCTTGGCCTATTCCGGAAAAGATGCTTGA
MCCC1,38,0.978,Possessing mitochondrial presequence,0,0.132,"49-53,61-65",17-26-high,MAAASAVSVLLVAAERNRWHRLPSLLLPPRTWVWRQRTMKYTTATGRNITKVLIANRGEIACRVMRTAKKLGVQTVAVYSEADRNSMHVDMADEAYSIGPAPSQQSYLSMEKIIQVAKTSAAQAIHPGCGFLSENMEFAELCKQEGIIFIGPPPSAIRDMGIKSTSKSIMAAAGVPVVEGYHGEDQSDQCLKEHARRIGYPVMIKAVRGGGGKGMRIVRSEQEFQEQLESARREAKKSFNDDAMLIEKFVDTPRHVEVQVFGDHHGNAVYLFERDCSVQRRHQKIIEEAPAPGIKSEVRKKLGEAAVRAAKAVNYVGAGTVEFIMDSKHNFCFMEMNTRLQVEHPVTEMITGTDLVEWQLRIAAGEKIPLSQEEITLQGHAFEARIYAEDPSNNFMPVAGPLVHLSTPRADPSTRIETGVRQGDEVSVHYDPMIAKLVVWAADRQAALTKLRYSLRQYNIVGLHTNIDFLLNLSGHPEFEAGNVHTDFIPQHHKQLLLSRKAAAKESLCQAALGLILKEKAMTDTFTLQAHDQFSPFSSSSGRRLNISYTRNMTLKDGKNNVAIAVTYNHDGSYSMQIEDKTFQVLGNLYSEGDCTYLKCSVNGVASKAKLIILENTIYLFSKEGSIEIDIPVPKYLSSVSSQETQGGPLAPMTGTIEKVFVKAGDKVKAGDSLMVMIAMKMEHTIKSPKDGTVKKVFYREGAQANRHTPLVEFEEEESDKRESE,ATGGCGGCGGCCTCTGCGGTGTCGGTGCTGCTGGTGGCGGCGGAGAGGAACCGGTGGCATCGTCTCCCGAGCCTGCTCCTGCCGCCGAGGACATGGGTGTGGAGGCAAAGAACCATGAAGTACACAACAGCCACAGGAAGAAACATTACCAAGGTCCTCATTGCAAACAGAGGAGAAATTGCCTGCAGGGTGATGCGCACAGCCAAAAAACTGGGTGTACAGACTGTGGCGGTTTATAGTGAGGCTGACAGAAATTCCATGCATGTAGATATGGCAGATGAAGCATATTCCATCGGCCCCGCTCCCTCCCAGCAGAGCTACCTATCTATGGAGAAAATCATTCAAGTGGCCAAGACCTCTGCTGCACAGGCTATCCATCCAGGATGCGGTTTTCTCTCAGAAAACATGGAATTTGCTGAACTTTGTAAGCAAGAAGGAATTATTTTTATAGGCCCTCCTCCATCTGCAATTAGAGACATGGGTATAAAGAGCACATCCAAATCCATAATGGCTGCTGCTGGAGTACCTGTTGTGGAGGGTTATCATGGTGAGGACCAATCAGACCAGTGCCTGAAGGAACACGCCAGGAGAATTGGCTATCCTGTCATGATTAAAGCCGTCCGGGGTGGAGGAGGAAAAGGAATGAGGATTGTTAGATCAGAACAAGAATTTCAAGAACAGTTAGAGTCAGCACGGAGAGAAGCTAAGAAGTCTTTCAATGATGATGCTATGCTGATCGAGAAGTTTGTAGACACACCGAGGCATGTAGAAGTCCAGGTGTTTGGTGATCACCATGGCAATGCTGTGTACTTGTTTGAAAGAGACTGTAGTGTGCAGAGGCGACATCAGAAGATCATTGAGGAGGCCCCAGCGCCTGGTATTAAATCTGAAGTAAGAAAAAAGCTGGGAGAAGCTGCAGTCAGAGCTGCTAAAGCTGTAAATTATGTTGGAGCAGGGACTGTGGAGTTTATTATGGACTCAAAACATAATTTCTGTTTCATGGAGATGAATACAAGGCTGCAAGTGGAACATCCTGTTACTGAGATGATCACAGGAACTGACTTGGTGGAGTGGCAGCTTAGAATTGCAGCAGGAGAGAAGATTCCTTTGAGCCAGGAAGAAATAACTCTGCAGGGCCATGCCTTCGAAGCTAGAATATATGCAGAAGATCCTAGCAATAACTTCATGCCTGTGGCAGGCCCATTAGTGCACCTCTCTACTCCTCGAGCAGACCCTTCCACCAGGATTGAAACTGGAGTACGGCAAGGAGACGAAGTTTCCGTGCATTATGACCCCATGATTGCGAAGCTGGTCGTGTGGGCAGCAGATCGCCAGGCGGCATTGACAAAACTGAGGTACAGCCTTCGTCAGTACAATATTGTTGGACTGCACACCAACATTGACTTCTTACTCAACCTGTCTGGCCACCCAGAGTTTGAAGCTGGGAACGTGCACACTGATTTCATCCCTCAACACCACAAACAGTTGTTGCTCAGTCGGAAGGCTGCAGCCAAAGAGTCTTTATGCCAGGCAGCCCTGGGTCTCATCCTCAAGGAGAAAGCCATGACCGACACTTTCACTCTTCAGGCACATGATCAATTCTCTCCATTTTCGTCTAGCAGTGGAAGAAGACTGAATATCTCGTATACCAGAAACATGACTCTTAAAGATGGTAAAAACAATGTAGCCATAGCTGTAACGTATAACCATGATGGGTCTTATAGCATGCAGATTGAAGATAAAACTTTCCAAGTCCTTGGTAATCTTTACAGCGAGGGAGACTGCACTTACCTGAAATGTTCTGTTAATGGAGTTGCTAGTAAAGCGAAGCTGATTATCCTGGAAAACACTATTTACCTATTTTCCAAGGAAGGAAGTATTGAGATTGACATTCCAGTCCCCAAATACTTATCTTCTGTGAGCTCACAAGAAACTCAGGGCGGCCCCTTAGCTCCTATGACTGGAACCATTGAAAAGGTGTTTGTCAAAGCTGGAGACAAAGTGAAAGCGGGAGATTCCCTCATGGTTATGATCGCCATGAAGATGGAGCATACCATAAAGTCTCCAAAGGATGGCACAGTAAAGAAAGTGTTCTACAGAGAAGGTGCTCAGGCCAACAGACACACTCCTTTAGTCGAGTTTGAGGAGGAAGAATCAGACAAAAGGGAATCGGAATAA
SDHA,32,0.995,Possessing mitochondrial presequence, 40(Oct1),0.188,"7-11,13-17,18-22,90-94",18-27-high,MSGVRGLSRLLSARRLALAKAWPTVLQTGTRGFHFTVDGNKRASAKVSDSISAQYPVVDHEFDAVVVGAGGAGLRAAFGLSEAGFNTACVTKLFPTRSHTVAAQGGINAALGNMEEDNWRWHFYDTVKGSDWLGDQDAIHYMTEQAPAAVVELENYGMPFSRTEDGKIYQRAFGGQSLKFGKGGQAHRCCCVADRTGHSLLHTLYGRSLRYDTSYFVEYFALDLLMENGECRGVIALCIEDGSIHRIRAKNTVVATGGYGRTYFSCTSAHTSTGDGTAMITRAGLPCQDLEFVQFHPTGIYGAGCLITEGCRGEGGILINSQGERFMERYAPVAKDLASRDVVSRSMTLEIREGRGCGPEKDHVYLQLHHLPPEQLATRLPGISETAMIFAGVDVTKEPIPVLPTVHYNMGGIPTNYKGQVLRHVNGQDQIVPGLYACGEAACASVHGANRLGANSLLDLVVFGRACALSIEESCRPGDKVPPIKPNAGEESVMNLDKLRFADGSIRTSELRLSMQKSMQNHAAVFRVGSVLQEGCGKISKLYGDLKHLKTFDRGMVWNTDLVETLELQNLMLCALQTIYGAEARKESRGAHAREDYKVRIDEYDYSKPIQGQQKKPFEEHWRKHTLSYVDVGTGKVTLEYRPVIDKTLNEADCATVPPAIRSY,ATGTCGGGGGTCCGGGGCCTGTCGCGGCTGCTGAGCGCTCGGCGCCTGGCGCTGGCCAAGGCGTGGCCAACAGTGTTGCAAACAGGAACCCGAGGTTTTCACTTCACTGTTGATGGGAACAAGAGGGCATCTGCTAAAGTTTCAGATTCCATTTCTGCTCAGTATCCAGTAGTGGATCATGAATTTGATGCAGTGGTGGTAGGCGCTGGAGGGGCAGGCTTGCGAGCTGCATTTGGCCTTTCTGAGGCAGGGTTTAATACAGCATGTGTTACCAAGCTGTTTCCTACCAGGTCACACACTGTTGCAGCACAGGGAGGAATCAATGCTGCTCTGGGGAACATGGAGGAGGACAACTGGAGGTGGCATTTCTACGACACCGTGAAGGGCTCCGACTGGCTGGGGGACCAGGATGCCATCCACTACATGACGGAGCAGGCCCCCGCCGCCGTGGTCGAGCTAGAAAATTATGGCATGCCGTTTAGCAGAACTGAAGATGGGAAGATTTATCAGCGTGCATTTGGTGGACAGAGCCTCAAGTTTGGAAAGGGCGGGCAGGCCCATCGGTGCTGCTGTGTGGCTGATCGGACTGGCCACTCGCTATTGCACACCTTATATGGAAGGTCTCTGCGATATGATACCAGCTATTTTGTGGAGTATTTTGCCTTGGATCTCCTGATGGAGAATGGGGAGTGCCGTGGTGTCATCGCACTGTGCATAGAGGACGGGTCCATCCATCGCATAAGAGCAAAGAACACTGTTGTTGCCACAGGAGGCTACGGGCGCACCTACTTCAGCTGCACGTCTGCCCACACCAGCACTGGCGACGGCACGGCCATGATCACCAGGGCAGGCCTTCCTTGCCAGGACCTAGAGTTTGTTCAGTTCCACCCTACAGGCATATATGGTGCTGGTTGTCTCATTACGGAAGGATGTCGTGGAGAGGGAGGCATTCTCATTAACAGTCAAGGCGAAAGGTTTATGGAGCGATACGCCCCTGTCGCGAAGGACCTGGCGTCTAGAGATGTGGTGTCTCGGTCCATGACTCTGGAGATCCGAGAAGGAAGAGGCTGTGGCCCTGAGAAAGATCACGTCTACCTGCAGCTGCACCACCTACCTCCAGAGCAGCTGGCCACGCGCCTGCCTGGCATTTCAGAGACAGCCATGATCTTCGCTGGCGTGGACGTCACGAAGGAGCCGATCCCTGTCCTCCCCACCGTGCATTATAACATGGGCGGCATTCCCACCAACTACAAGGGGCAGGTCCTGAGGCACGTGAATGGCCAGGATCAGATTGTGCCCGGCCTGTACGCCTGTGGGGAGGCCGCCTGTGCCTCGGTACATGGTGCCAACCGCCTCGGGGCAAACTCGCTCTTGGACCTGGTTGTCTTTGGTCGGGCATGTGCCCTGAGCATCGAAGAGTCATGCAGGCCTGGAGATAAAGTCCCTCCAATTAAACCAAACGCTGGGGAAGAATCTGTCATGAATCTTGACAAATTGAGATTTGCTGATGGAAGCATAAGAACATCGGAACTGCGACTCAGCATGCAGAAGTCAATGCAAAATCATGCTGCCGTGTTCCGTGTGGGAAGCGTGTTGCAAGAAGGTTGTGGGAAAATCAGCAAGCTCTATGGAGACCTAAAGCACCTGAAGACGTTCGACCGGGGAATGGTCTGGAACACGGACCTGGTGGAGACCCTGGAGCTGCAGAACCTGATGCTGTGTGCGCTGCAGACCATCTACGGAGCAGAGGCACGGAAGGAGTCACGGGGCGCGCATGCCAGGGAAGACTACAAGGTGCGGATTGATGAGTACGATTACTCCAAGCCCATCCAGGGGCAACAGAAGAAGCCCTTTGAGGAGCACTGGAGGAAGCACACCCTGTCCTATGTGGACGTTGGCACTGGGAAGGTCACTCTGGAATATAGACCCGTGATCGACAAAACTTTGAACGAGGCTGACTGTGCCACCGTCCCGCCAGCCATTCGCTCCTACTGA
ATP5A1,35,1,Possessing mitochondrial presequence, 43(Oct1),0.171,41913,5-14-high,MLSVRVAAAVVRALPRRAGLVSRNALGSSFIAARNFHASNTHLQKTGTAEMSSILEERILGADTSVDLEETGRVLSIGDGIARVHGLRNVQAEEMVEFSSGLKGMSLNLEPDNVGVVVFGNDKLIKEGDIVKRTGAIVDVPVGEELLGRVVDALGNAIDGKGPIGSKTRRRVGLKAPGIIPRISVREPMQTGIKAVDSLVPIGRGQRELIIGDRQTGKTSIAIDTIINQKRFNDGSDEKKKLYCIYVAIGQKRSTVAQLVKRLTDADAMKYTIVVSATASDAAPLQYLAPYSGCSMGEYFRDNGKHALIIYDDLSKQAVAYRQMSLLLRRPPGREAYPGDVFYLHSRLLERAAKMNDAFGGGSLTALPVIETQAGDVSAYIPTNVISITDGQIFLETELFYKGIRPAINVGLSVSRVGSAAQTRAMKQVAGTMKLELAQYREVAAFAQFGSDLDAATQQLLSRGVRLTELLKQGQYSPMAIEEQVAVIYAGVRGYLDKLEPSKITKFENAFLSHVVSQHQALLGTIRADGKISEQSDAKLKEIVTNFLAGFEA,ATGCTGTCCGTGCGCGTTGCTGCGGCCGTGGTCCGCGCCCTTCCTCGGCGGGCCGGACTGGTCTCCAGAAATGCTTTGGGTTCATCTTTCATTGCTGCAAGGAACTTCCATGCCTCTAACACTCATCTTCAAAAGACTGGGACTGCTGAGATGTCCTCTATTCTTGAAGAGCGTATTCTTGGAGCTGATACCTCTGTTGATCTTGAAGAAACTGGGCGTGTCTTAAGTATTGGTGATGGTATTGCCCGCGTACATGGGCTGAGGAATGTTCAAGCAGAAGAAATGGTAGAGTTTTCTTCAGGCTTAAAGGGTATGTCCTTGAACTTGGAACCTGACAATGTTGGTGTTGTCGTGTTTGGAAATGATAAACTAATTAAGGAAGGAGATATAGTGAAGAGGACAGGAGCCATTGTGGACGTTCCAGTTGGTGAGGAGCTGTTGGGTCGTGTAGTTGATGCCCTTGGTAATGCTATTGATGGAAAGGGTCCAATTGGTTCCAAGACGCGTAGGCGAGTTGGTCTGAAAGCCCCCGGTATCATTCCTCGAATTTCAGTGCGGGAACCAATGCAGACTGGCATTAAGGCTGTGGATAGCTTGGTGCCAATTGGTCGTGGTCAGCGTGAACTGATTATTGGTGACCGACAGACTGGGAAAACCTCAATTGCTATTGACACAATCATTAACCAGAAACGTTTCAATGATGGATCTGATGAAAAGAAGAAGCTGTACTGTATTTATGTTGCTATTGGTCAAAAGAGATCCACTGTTGCCCAGTTGGTGAAGAGACTTACAGATGCAGATGCCATGAAGTACACCATTGTGGTGTCGGCTACGGCCTCGGATGCTGCCCCACTTCAGTACCTGGCTCCTTACTCTGGCTGTTCCATGGGAGAGTATTTTAGAGACAATGGCAAACATGCTTTGATCATCTATGACGACTTATCCAAACAGGCTGTTGCTTACCGTCAGATGTCTCTGTTGCTCCGCCGACCCCCTGGTCGTGAGGCCTATCCTGGTGATGTGTTCTACCTACACTCCCGGTTGCTGGAGAGAGCAGCCAAAATGAACGATGCTTTTGGTGGTGGCTCCTTGACTGCTTTGCCAGTCATAGAAACACAGGCTGGTGATGTGTCTGCTTACATTCCAACAAATGTCATTTCCATCACTGACGGACAGATCTTCTTGGAAACAGAATTGTTCTACAAAGGTATCCGCCCTGCAATTAACGTTGGTCTGTCTGTATCTCGTGTCGGATCCGCTGCCCAAACCAGGGCTATGAAGCAGGTAGCAGGTACCATGAAGCTGGAATTGGCTCAGTATCGTGAGGTTGCTGCTTTTGCCCAGTTCGGTTCTGACCTCGATGCTGCCACTCAACAACTTTTGAGTCGTGGCGTGCGTCTAACTGAGTTGCTGAAGCAAGGACAGTATTCTCCCATGGCTATTGAAGAACAAGTGGCTGTTATCTATGCGGGTGTAAGGGGATATCTTGATAAACTGGAGCCCAGCAAGATTACAAAGTTTGAGAATGCTTTCTTGTCTCATGTCGTCAGCCAGCACCAAGCCTTGTTGGGCACTATCAGGGCTGATGGAAAGATCTCAGAACAATCAGATGCAAAGCTGAAAGAGATTGTAACAAATTTCTTGGCTGGATTTGAAGCTTAA
LIAS,27,0.902,Possessing mitochondrial presequence, 28(Icp55*),0.148,17-21,17-28-high,MSLRCGDAARTLGPRVFGRYFCSPVRPLSSLPDKKKELLQNGPDLQDFVSGDLADRSTWDEYKGNLKRQKGERLRLPPWLKTEIPMGKNYNKLKNTLRNLNLHTVCEEARCPNIGECWGGGEYATATATIMLMGDTCTRGCRFCSVKTARNPPPLDASEPYNTAKAIAEWGLDYVVLTSVDRDDMPDGGAEHIAKTVSYLKERNPKILVECLTPDFRGDLKAIEKVALSGLDVYAHNVETVPELQSKVRDPRANFDQSLRVLKHAKKVQPDVISKTSIMLGLGENDEQVYATMKALREADVDCLTLGQYMQPTRRHLKVEEYITPEKFKYWEKVGNELGFHYTASGPLVRSSYKAGEFFLKNLVAKRKTKDL,ATGTCTCTACGCTGCGGGGATGCAGCCCGCACCCTGGGGCCCCGGGTATTTGGGAGATATTTTTGCAGCCCAGTCAGACCGTTAAGCTCCTTGCCAGATAAAAAAAAGGAACTCCTACAGAATGGACCAGACCTTCAAGATTTTGTATCTGGTGATCTTGCAGACAGGAGCACCTGGGATGAATATAAAGGAAACCTAAAACGCCAGAAAGGAGAAAGGTTAAGACTACCTCCATGGCTAAAGACAGAGATTCCCATGGGGAAAAATTACAATAAACTGAAAAATACTTTGCGGAATTTAAATCTCCATACAGTATGTGAGGAAGCTCGATGTCCCAATATTGGAGAGTGTTGGGGAGGTGGAGAATATGCCACCGCCACAGCCACGATCATGTTGATGGGTGACACATGTACAAGAGGTTGCAGATTTTGTTCTGTTAAGACTGCAAGAAATCCTCCTCCACTGGATGCCAGTGAGCCCTACAATACTGCAAAGGCAATTGCAGAATGGGGTCTGGATTATGTTGTCCTGACATCTGTGGATCGAGATGATATGCCTGATGGGGGAGCTGAACACATTGCAAAGACCGTATCATATTTAAAGGAAAGGAATCCAAAAATCCTTGTGGAGTGTCTTACTCCTGATTTTCGAGGTGATCTCAAAGCAATAGAAAAAGTTGCTCTGTCAGGATTAGATGTGTATGCACATAATGTAGAAACAGTCCCGGAATTACAGAGTAAGGTTCGTGATCCTCGGGCCAATTTTGATCAGTCCCTACGTGTACTGAAACATGCCAAGAAGGTTCAGCCTGATGTTATTTCTAAAACATCTATAATGTTGGGTTTAGGCGAGAATGATGAGCAAGTATATGCAACAATGAAAGCACTTCGTGAGGCAGATGTAGACTGCTTGACTTTAGGACAATATATGCAGCCAACAAGGCGTCACCTTAAGGTTGAAGAATATATTACTCCTGAAAAATTCAAATACTGGGAAAAAGTAGGAAATGAACTTGGATTTCATTATACTGCAAGTGGCCCTTTGGTGCGTTCTTCATATAAAGCAGGTGAATTTTTCCTGAAAAATCTAGTGGCTAAAAGAAAAACAAAAGACCTCTAA
OAT,17,0.996,Possessing mitochondrial presequence,0,0.176,"2-6,8-12",14-23-high,MFSKLAHLQRFAVLSRGVHSSVASATSVATKKTVQGPPTSDDIFEREYKYGAHNYHPLPVALERGKGIYLWDVEGRKYFDFLSSYSAVNQGHCHPKIVNALKSQVDKLTLTSRAFYNNVLGEYEEYITKLFNYHKVLPMNTGVEAGETACKLARKWGYTVKGIQKYKAKIVFAAGNFWGRTLSAISSSTDPTSYDGFGPFMPGFDIIPYNDLPALERALQDPNVAAFMVEPIQGEAGVVVPDPGYLMGVRELCTRHQVLFIADEIQTGLARTGRWLAVDYENVRPDIVLLGKALSGGLYPVSAVLCDDDIMLTIKPGEHGSTYGGNPLGCRVAIAALEVLEEENLAENADKLGIILRNELMKLPSDVVTAVRGKGLLNAIVIKETKDWDAWKVCLRLRDNGLLAKPTHGDIIRFAPPLVIKEDELRESIEIINKTILSF,ATGTTTTCCAAACTAGCACATTTGCAGAGGTTTGCTGTACTTAGTCGCGGAGTTCATTCTTCAGTGGCTTCTGCTACATCTGTTGCAACTAAAAAAACAGTCCAAGGCCCTCCAACCTCTGATGACATTTTTGAAAGGGAATATAAGTATGGTGCACACAACTACCATCCTTTACCTGTAGCCCTGGAGAGAGGAAAAGGTATTTACTTATGGGATGTAGAAGGCAGAAAATATTTTGACTTCCTGAGTTCTTACAGTGCTGTCAACCAAGGGCATTGTCACCCCAAGATTGTGAATGCTCTGAAGAGTCAAGTGGACAAATTGACCTTAACATCTAGAGCTTTCTATAATAACGTACTTGGTGAATATGAGGAGTATATTACTAAACTTTTCAACTACCACAAAGTTCTTCCTATGAATACAGGAGTGGAGGCTGGAGAGACTGCCTGTAAACTAGCTCGTAAGTGGGGCTATACCGTGAAGGGCATTCAGAAATACAAAGCAAAGATTGTTTTTGCAGCTGGGAACTTCTGGGGTAGGACGTTGTCTGCTATCTCCAGTTCCACAGACCCAACCAGTTACGATGGTTTTGGACCATTTATGCCGGGATTCGACATCATTCCCTATAATGATCTGCCCGCACTGGAGCGTGCTCTTCAGGATCCAAATGTGGCTGCGTTCATGGTAGAACCAATTCAGGGTGAAGCAGGCGTTGTTGTTCCGGATCCAGGTTACCTAATGGGAGTGCGAGAGCTCTGCACCAGGCACCAGGTTCTCTTTATTGCTGATGAAATACAGACAGGATTGGCCAGAACTGGTAGATGGCTGGCTGTTGATTATGAAAATGTCAGACCTGATATAGTCCTCCTTGGAAAGGCCCTTTCTGGGGGCTTATACCCTGTGTCTGCAGTGCTGTGTGATGATGACATCATGCTGACCATTAAGCCAGGGGAGCATGGGTCCACATACGGTGGCAATCCACTAGGCTGCCGAGTGGCCATCGCAGCCCTTGAGGTTTTAGAAGAAGAAAACCTTGCTGAAAATGCAGACAAATTGGGCATTATCTTGAGAAATGAACTCATGAAGCTACCTTCTGATGTTGTAACTGCCGTAAGAGGAAAAGGATTATTAAACGCTATTGTCATTAAAGAAACCAAAGATTGGGATGCTTGGAAGGTGTGTCTACGACTTCGAGATAATGGACTTCTGGCCAAGCCAACCCATGGCGACATTATCAGGTTTGCGCCTCCGCTGGTGATCAAGGAGGATGAGCTTCGAGAGTCCATTGAAATTATTAACAAGACCATCTTGTCTTTCTGA
OXCT1,39,0.996,Possessing mitochondrial presequence,0,0.128,44380,3-12-high,MAALKLLSSGLRLCASARGSGATWYKGCVCSFSTSAHRHTKFYTDPVEAVKDIPDGATVLVGGFGLCGIPENLIDALLKTGVKGLTAVSNNAGVDNFGLGLLLRSKQIKRMVSSYVGENAEFERQYLSGELEVELTPQGTLAERIRAGGAGVPAFYTPTGYGTLVQEGGSPIKYNKDGSVAIASKPREVREFNGQHFILEEAITGDFALVKAWKADRAGNVIFRKSARNFNLPMCKAAETTVVEVEEIVDIGAFAPEDIHIPQIYVHRLIKGEKYEKRIERLSIRKEGDGEAKSAKPGDDVRERIIKRAALEFEDGMYANLGIGIPLLASNFISPNITVHLQSENGVLGLGPYPRQHEADADLINAGKETVTILPGASFFSSDESFAMIRGGHVDLTMLGAMQVSKYGDLANWMIPGKMVKGMGGAMDLVSSAKTKVVVTMEHSAKGNAHKIMEKCTLPLTGKQCVNRIITEKAVFDVDKKKGLTLIELWEGLTVDDVQKSTGCDFAVSPKLMPMQQIAN,ATGGCGGCTCTCAAACTCCTCTCCTCCGGGCTTCGGCTCTGCGCCTCTGCCCGCGGATCTGGGGCAACCTGGTACAAGGGATGTGTTTGTTCCTTTTCCACCAGTGCTCATCGCCATACCAAGTTTTATACAGATCCAGTAGAAGCTGTAAAAGACATCCCTGATGGTGCCACGGTTTTGGTTGGTGGTTTTGGGCTATGTGGAATTCCAGAGAATCTTATAGATGCTTTACTGAAAACTGGAGTAAAAGGACTAACTGCAGTCAGCAACAATGCAGGGGTTGACAATTTTGGTTTGGGGCTTTTGCTTCGGTCCAAGCAGATAAAACGCATGGTCTCTTCATATGTGGGAGAAAATGCAGAATTTGAACGACAGTACTTATCTGGTGAATTAGAAGTGGAGCTGACACCACAGGGCACACTTGCAGAGAGGATCCGTGCAGGCGGGGCTGGAGTTCCTGCATTTTACACCCCAACAGGGTATGGGACCCTGGTACAAGAAGGAGGATCGCCCATCAAATACAACAAAGATGGCAGTGTTGCCATTGCCAGTAAGCCAAGAGAGGTGAGGGAGTTCAATGGTCAGCACTTTATTTTGGAGGAAGCAATTACAGGGGATTTTGCTTTGGTGAAAGCCTGGAAGGCGGACCGAGCAGGAAACGTGATTTTCAGGAAAAGTGCAAGGAATTTCAACTTGCCAATGTGCAAAGCTGCAGAAACCACAGTGGTAGAGGTTGAAGAAATTGTGGATATTGGAGCATTTGCTCCAGAAGACATCCATATTCCTCAGATTTATGTACATCGCCTTATAAAGGGAGAAAAATATGAGAAAAGAATTGAGCGTTTATCAATCCGGAAAGAGGGAGATGGGGAAGCCAAATCTGCTAAACCTGGAGATGACGTAAGGGAACGAATCATCAAGAGGGCCGCTCTTGAGTTTGAGGATGGCATGTATGCTAATTTGGGCATAGGAATCCCTCTCCTGGCCAGCAATTTTATCAGCCCAAATATAACTGTTCATCTTCAAAGTGAAAATGGAGTTCTGGGTTTGGGTCCATATCCACGACAACATGAAGCTGATGCAGATCTCATCAATGCAGGCAAGGAAACAGTTACTATTCTTCCAGGAGCCTCTTTTTTCTCCAGCGATGAATCATTTGCAATGATTAGAGGTGGACACGTCGATCTGACAATGCTAGGAGCGATGCAGGTTTCCAAATATGGTGACCTGGCTAACTGGATGATACCTGGGAAGATGGTGAAAGGAATGGGAGGTGCTATGGATTTAGTGTCCAGTGCGAAAACCAAAGTGGTGGTCACCATGGAGCATTCTGCAAAGGGAAATGCACATAAAATCATGGAGAAATGTACATTACCATTGACTGGAAAGCAATGTGTCAACCGCATTATTACTGAAAAGGCTGTGTTTGATGTGGACAAGAAGAAAGGGTTGACTCTGATTGAGCTCTGGGAAGGCCTGACAGTGGATGACGTACAGAAGAGTACTGGGTGTGATTTTGCAGTTTCACCAAAACTCATGCCAATGCAGCAGATCGCAAATTGA
POLG2,77,0.527,Possessing mitochondrial presequence,0,0.013,"6-10,10-14,13-17",12-21-high,MRSRVAVRACHKVCRCLLSGFGGRVDAGQPELLTERSSPKGGHVKSHAELEGNGEHPEAPGSGEGSEALLEICQRRHFLSGSKQQLSRDSLLSGCHPGFGPLGVELRKNLAAEWWTSVVVFREQVFPVDALHHKPGPLLPGDSAFRLVSAETLREILQDKELSKEQLVAFLENVLKTSGKLRENLLHGALEHYVNCLDLVNKRLPYGLAQIGVCFHPVFDTKQIRNGVKSIGEKTEASLVWFTPPRTSNQWLDFWLRHRLQWWRKFAMSPSNFSSSDCQDEEGRKGNKLYYNFPWGKELIETLWNLGDHELLHMYPGNVSKLHGRDGRKNVVPCVLSVNGDLDRGMLAYLYDSFQLTENSFTRKKNLHRKVLKLHPCLAPIKVALDVGRGPTLELRQVCQGLFNELLENGISVWPGYLETMQSSLEQLYSKYDEMSILFTVLVTETTLENGLIHLRSRDTTMKEMMHISKLKDFLIKYISSAKNV,ATGCGCTCTCGTGTAGCCGTCAGGGCCTGCCATAAGGTCTGCAGGTGCCTGTTGTCTGGGTTTGGGGGTCGAGTAGATGCGGGGCAGCCGGAGCTGTTGACGGAAAGGAGTAGCCCCAAAGGAGGGCATGTGAAGTCGCACGCGGAGCTCGAGGGGAACGGCGAGCACCCAGAAGCCCCCGGGTCTGGAGAGGGAAGCGAGGCGCTGTTAGAGATCTGTCAGAGAAGGCATTTCCTAAGTGGAAGCAAGCAGCAGCTTAGCCGGGATTCTCTTCTGAGTGGGTGCCACCCCGGCTTCGGACCCTTGGGCGTAGAGTTGCGGAAGAACCTGGCCGCAGAATGGTGGACCTCGGTGGTGGTGTTCAGGGAGCAGGTATTCCCGGTGGACGCCCTCCACCACAAACCAGGCCCTTTGCTACCCGGGGACAGTGCCTTCAGGTTAGTTTCTGCAGAAACTCTACGCGAAATCTTGCAAGACAAAGAGCTGAGTAAGGAACAGCTAGTAGCATTTCTTGAGAACGTATTAAAAACTTCTGGGAAACTACGGGAGAACCTTCTTCACGGTGCCTTGGAACACTATGTTAATTGCCTGGATCTGGTAAACAAGAGGCTACCTTATGGCCTTGCTCAGATTGGAGTGTGTTTTCATCCTGTTTTTGACACTAAGCAGATACGAAATGGTGTTAAAAGTATTGGTGAGAAGACTGAAGCTTCGTTAGTATGGTTTACTCCTCCGAGAACTTCAAACCAGTGGCTTGATTTCTGGTTACGTCATCGACTCCAGTGGTGGAGAAAGTTTGCCATGAGTCCATCTAACTTCAGCAGCAGTGACTGTCAGGATGAAGAAGGCCGGAAAGGAAACAAACTTTACTACAATTTTCCCTGGGGAAAGGAGTTAATAGAAACCCTGTGGAACCTAGGAGATCACGAACTTTTACACATGTATCCTGGCAATGTGTCTAAATTACATGGCCGAGATGGACGAAAAAATGTGGTTCCTTGTGTTCTCTCTGTAAATGGGGACCTAGACCGAGGCATGCTGGCCTACCTCTATGATTCTTTCCAGCTGACAGAGAACTCCTTTACAAGAAAGAAAAATCTTCATAGAAAGGTACTTAAACTTCACCCTTGTTTAGCCCCTATTAAGGTTGCTTTGGATGTAGGAAGAGGCCCCACATTGGAACTAAGACAGGTTTGTCAAGGGCTATTTAATGAGTTACTAGAAAATGGGATTTCTGTGTGGCCTGGTTATTTGGAAACTATGCAGTCCTCATTGGAACAACTTTATTCGAAGTATGATGAAATGAGTATTCTCTTCACAGTTTTGGTTACTGAAACTACTTTGGAGAATGGATTAATACATCTGAGAAGCAGAGACACCACAATGAAGGAAATGATGCATATATCCAAATTAAAAGACTTTTTGATTAAGTATATATCATCAGCTAAGAATGTATAG
SCO1,66,0.996,Possessing mitochondrial presequence, 67(Icp55*),0.106,19-23,18-27-high,MAMLVLVPGRVMRPLGGQLWRFLPRGLEFWGPAEGTARVLLRQFCARQAEAWRASGRPGYCLGTRPLSTARPPPPWSQKGPGDSTRPSKPGPVSWKSLAITFAIGGALLAGMKHVKKEKAEKLEKERQRHIGKPLLGGPFSLTTHTGERKTDKDYLGQWLLIYFGFTHCPDVCPEELEKMIQVVDEIDSITTLPDLTPLFISIDPERDTKEAIANYVKEFSPKLVGLTGTREEVDQVARAYRVYYSPGPKDEDEDYIVDHTIIMYLIGPDGEFLDYFGQNKRKGEIAASIATHMRPYRKKS,ATGGCGATGCTGGTCCTAGTACCCGGACGAGTTATGCGGCCTCTGGGTGGCCAACTTTGGCGCTTCTTGCCTCGCGGACTCGAGTTTTGGGGCCCAGCCGAGGGGACTGCGAGAGTCTTGCTGAGGCAGTTCTGCGCGCGGCAAGCGGAGGCGTGGCGTGCCTCGGGGCGCCCTGGCTATTGCCTGGGAACCCGGCCCCTCAGCACTGCGAGGCCGCCACCCCCGTGGTCGCAGAAGGGCCCCGGAGACTCCACGCGCCCCTCGAAGCCCGGGCCTGTTTCCTGGAAGTCTTTAGCAATCACATTTGCTATTGGAGGAGCTTTACTGGCTGGAATGAAGCACGTCAAGAAAGAAAAGGCAGAGAAGTTAGAGAAGGAACGGCAGCGACACATCGGCAAGCCTTTACTTGGGGGACCGTTTTCCCTCACAACTCATACTGGGGAGCGTAAAACTGACAAGGACTACTTGGGTCAGTGGTTATTGATTTATTTTGGCTTCACTCATTGCCCTGATGTCTGTCCAGAAGAACTAGAAAAGATGATTCAAGTCGTGGATGAAATAGATAGCATTACAACTCTGCCAGATCTAACTCCACTTTTCATCAGCATTGACCCAGAGAGGGACACAAAAGAAGCCATCGCAAATTATGTGAAAGAATTTTCTCCCAAACTGGTTGGCTTGACTGGCACGAGAGAAGAGGTCGATCAAGTGGCCAGAGCATACAGAGTGTATTACAGCCCTGGCCCCAAGGACGAAGATGAAGACTACATAGTGGATCACACAATAATAATGTACTTGATTGGACCAGATGGTGAGTTTCTAGATTATTTTGGCCAGAACAAGAGGAAGGGAGAAATAGCTGCTTCAATTGCCACACACATGAGGCCATACAGAAAAAAGAGCTAG
TRNT1,68,0.523,Possessing mitochondrial presequence,0,0.074,"1-5,17-21",12-21-high,MLRCLYHWHRPVLNRRWSRLCLPKQYLFTMKLQSPEFQSLFTEGLKSLTELFVKENHELRIAGGAVRDLLNGVKPQDIDFATTATPTQMKEMFQSAGIRMINNRGEKHGTITARLHEENFEITTLRIDVTTDGRHAEVEFTTDWQKDAERRDLTINSMFLGFDGTLFDYFNGYEDLKNKKVRFVGHAKQRIQEDYLRILRYFRFYGRIVDKPGDHDPETLEAIAENAKGLAGISGERIWVELKKILVGNHVNHLIHLIYDLDVAPYIGLPANASLEEFDKVSKNVDGFSPKPVTLLASLFKVQDDVTKLDLRLKIAKEEKNLGLFIVKNRKDLIKATDSSDPLKPYQDFIIDSREPDATTRVCELLKYQGEHCLLKEMQQWSIPPFPVSGHDIRKVGISSGKEIGALLQQLREQWKKSGYQMEKDELLSYIKKT,ATGCTGAGGTGCCTGTATCATTGGCACAGGCCAGTGCTGAACCGTAGGTGGAGTAGGCTGTGCCTTCCGAAGCAGTATCTATTCACAATGAAGTTGCAGTCTCCCGAATTCCAGTCACTTTTCACAGAAGGACTGAAGAGTCTGACAGAATTATTTGTCAAAGAGAATCACGAATTAAGAATAGCAGGAGGAGCAGTGAGGGATTTATTAAATGGAGTAAAGCCTCAGGATATAGATTTTGCCACCACTGCTACCCCTACTCAAATGAAGGAGATGTTTCAGTCGGCTGGGATTCGGATGATAAACAACAGAGGAGAAAAGCACGGAACAATTACTGCCAGGCTTCATGAAGAAAATTTTGAGATTACTACACTACGGATTGATGTCACCACTGATGGAAGACATGCTGAGGTAGAATTTACAACTGACTGGCAGAAAGATGCGGAACGCAGAGATCTCACTATAAATTCTATGTTTTTAGGTTTTGATGGCACTTTATTTGACTACTTTAATGGTTATGAAGATTTAAAAAATAAGAAAGTTAGATTTGTTGGACATGCTAAACAGAGAATACAAGAGGATTATCTTAGAATTTTAAGATACTTCAGGTTTTATGGGAGAATTGTAGACAAACCTGGTGACCATGATCCTGAGACTTTGGAAGCAATTGCAGAAAATGCAAAAGGCTTGGCTGGAATATCAGGAGAAAGGATTTGGGTGGAACTGAAAAAAATTCTTGTTGGTAACCATGTAAATCATTTGATTCACCTTATCTATGATCTTGATGTGGCTCCTTATATAGGTTTACCTGCTAATGCAAGTTTAGAAGAATTTGACAAAGTCAGTAAAAATGTTGATGGTTTTTCACCAAAGCCAGTGACTCTTTTGGCCTCATTATTCAAAGTACAAGATGATGTCACAAAATTGGATTTGAGGTTGAAGATCGCAAAAGAGGAGAAAAACCTTGGCTTATTTATAGTTAAAAATAGGAAAGATTTAATTAAAGCAACAGATAGTTCAGACCCATTGAAACCCTATCAAGACTTCATTATAGATTCTAGGGAACCTGATGCAACTACTCGTGTATGTGAACTACTGAAGTACCAAGGAGAGCACTGTCTCCTAAAGGAAATGCAGCAGTGGTCCATTCCTCCATTTCCTGTAAGTGGCCATGACATCAGAAAAGTGGGCATTTCTTCAGGAAAAGAAATTGGGGCTCTATTACAACAGTTGCGAGAACAGTGGAAAAAAAGTGGTTACCAAATGGAAAAAGATGAACTTCTGAGTTACATAAAGAAGACCTAA